college_id,college_name,area,street,address,city,pincode,college_type,description,latitude,longitude
COL001,Guru Nanak College Velachery,Velachery, Velachery Main Road,"best college address, Velachery",Chennai,600042,Best College Type,Synthetic demo record: local college reference serving Velachery. Verify current availability and services independently.,12.9797,80.2184
COL002,ABC College Taramani,Taramani,gandhi Taramani Main Road," AAA college address, Taramani",Chennai,600113,Presidency College Type,Synthetic demo record: local college reference serving Taramani. Verify current availability and services independently.,12.9926,80.2433
COL003,Government College Adambakkam,Adambakkam, Adambakkam Main Road,"Government college address, Adambakkam",Chennai,600088,Demo College Type,Synthetic demo record: local college reference serving Adambakkam. Verify current availability and services independently.,12.9842,80.203
COL004,EEE College Pallikaranai,Pallikaranai, Pallikaranai Main Road,"Synthetic demo college address, Pallikaranai",Chennai,600100,Demo College Type,Synthetic demo record: local college reference serving Pallikaranai. Verify current availability and services independently.,12.9377,80.2137
COL005,Women's Christian College Madipakkam,Madipakkam,Demo Madipakkam Main Road," Kamarajar Salai college address, Madipakkam",Chennai,600091,Demo College Type,Synthetic demo record: local college reference serving Madipakkam. Verify current availability and services independently.,12.9629,80.1986
COL006,The New College Anna Nagar,Anna Nagar,Demo Anna Nagar Main Road,"Synthetic demo college address, Anna Nagar",Chennai,600040,Demo College Type,Synthetic demo record: local college reference serving Anna Nagar. Verify current availability and services independently.,13.086,80.2105
COL007,Madras Christian College Tambaram,Tambaram,Demo Tambaram Main Road,"Synthetic demo college address, Tambaram",Chennai,600045,Demo College Type,Synthetic demo record: local college reference serving Tambaram. Verify current availability and services independently.,12.9264,80.1008
COL008,M.O.P. College Perungudi,Perungudi,Demo Perungudi Main Road,"Peters Road college address, Perungudi",Chennai,600096,Demo College Type,Synthetic demo record: local college reference serving Perungudi. Verify current availability and services independently.,12.96,80.2462
COL009,B.S. College Sholinganallur,Sholinganallur,Demo Sholinganallur Main Road,"Sardar Patel Road college address, Sholinganallur",Chennai,600119,Demo College Type,Synthetic demo record: local college reference serving Sholinganallur. Verify current availability and services independently.,12.9015,80.2295
COL010,Queen Demo College Medavakkam,Medavakkam,Demo Medavakkam Main Road,"Synthetic college address, Medavakkam",Chennai,600100,Demo College Type,Synthetic demo record: local college reference serving Medavakkam. Verify current availability and services independently.,12.9182,80.192
