hospital_id,hospital_name,area,street,address,city,pincode,hospital_type,description,latitude,longitude
HOS001,GH Hospital Velachery,Velachery,Demo Velachery Main Road,"Synthetic demo hospital address, Velachery",Chennai,600042,Demo Hospital Type,Synthetic demo record: local hospital reference serving Velachery. Verify current availability and services independently.,12.9798,80.2185
HOS002,Heartcare Hospital Taramani,Taramani,Demo Taramani Main Road,"Synthetic demo hospital address, Taramani",Chennai,600113,Demo Hospital Type,Synthetic demo record: local hospital reference serving Taramani. Verify current availability and services independently.,12.9928,80.2435
HOS003,Localcare Hospital Adambakkam,Adambakkam,Demo Adambakkam Main Road,"Synthetic demo hospital address, Adambakkam",Chennai,600088,Demo Hospital Type,Synthetic demo record: local hospital reference serving Adambakkam. Verify current availability and services independently.,12.9845,80.2033
HOS004,RK Hospital Pallikaranai,Pallikaranai,Demo Pallikaranai Main Road,"Synthetic demo hospital address, Pallikaranai",Chennai,600100,Demo Hospital Type,Synthetic demo record: local hospital reference serving Pallikaranai. Verify current availability and services independently.,12.9377,80.2141
HOS005,CSI Hospital Madipakkam,Madipakkam,Demo Madipakkam Main Road,"Synthetic demo hospital address, Madipakkam",Chennai,600091,Demo Hospital Type,Synthetic demo record: local hospital reference serving Madipakkam. Verify current availability and services independently.,12.963,80.1986
HOS006,GH Hospital Anna Nagar,Anna Nagar,Demo Anna Nagar Main Road,"Synthetic demo hospital address, Anna Nagar",Chennai,600040,Demo Hospital Type,Synthetic demo record: local hospital reference serving Anna Nagar. Verify current availability and services independently.,13.0862,80.2106
HOS007,BH Hospital Tambaram,Tambaram,Demo Tambaram Main Road,"Synthetic demo hospital address, Tambaram",Chennai,600045,Demo Hospital Type,Synthetic demo record: local hospital reference serving Tambaram. Verify current availability and services independently.,12.9267,80.101
HOS008,government Hospital Perungudi,Perungudi,Demo Perungudi Main Road,"Synthetic demo hospital address, Perungudi",Chennai,600096,Demo Hospital Type,Synthetic demo record: local hospital reference serving Perungudi. Verify current availability and services independently.,12.96,80.2465
HOS009,Jai Hospital Sholinganallur,Sholinganallur,Demo Sholinganallur Main Road,"Synthetic demo hospital address, Sholinganallur",Chennai,600119,Demo Hospital Type,Synthetic demo record: local hospital reference serving Sholinganallur. Verify current availability and services independently.,12.9016,80.2299
HOS010,Abi Hospital Medavakkam,Medavakkam,Demo Medavakkam Main Road,"Synthetic demo hospital address, Medavakkam",Chennai,600100,Demo Hospital Type,Synthetic demo record: local hospital reference serving Medavakkam. Verify current availability and services independently.,12.9184,80.192
