property_id,property_type,bhk,price_lakhs,area_sqft,location,street,city,pincode,bathrooms,property_age,builder,description,broker_id,image_folder,latitude,longitude
PROP001,Apartment,2,78.0,1050,Velachery, Lake View Road,Chennai,600042,2,4, Habitat Builders,"Synthetic demo 2 BHK apartment in Velachery with two bathrooms, covered parking and a practical family layout.",BRK001,images/demo/PROP001,12.9794,80.2182
PROP002,Apartment,3,122.0,1450,Taramani, Research Park Avenue,Chennai,600113,3,2, Urban Spaces,"Synthetic demo 3 BHK apartment in Taramani near the business corridor, with three bathrooms and a balcony.",BRK001,images/demo/PROP002,12.992,80.2429
PROP003,Independent House,3,135.0,1800,Adambakkam, Lake Junction,Chennai,600088,3,8, Nest Homes,"Synthetic demo 3 BHK independent house in Adambakkam with a private frontage, three bathrooms and room for renovation.",BRK001,images/demo/PROP003,12.9833,80.2024
PROP004,Apartment,2,69.0,980,Pallikaranai, Marsh View Street,Chennai,600100,2,5, South Living,"Synthetic demo 2 BHK apartment in Pallikaranai with two bathrooms, lift access and community parking.",BRK002,images/demo/PROP004,12.9377,80.2129
PROP005,Villa,4,210.0,2450,Madipakkam, Garden Extension,Chennai,600091,4,3,Courtyard Developers,"Synthetic demo 4 BHK villa in Madipakkam with four bathrooms, private garden space and a quiet residential setting.",BRK002,images/demo/PROP005,12.9626,80.1986
PROP006,Apartment,3,185.0,1650,Anna Nagar, Tower Road,Chennai,600040,3,6, Metro Homes,"Synthetic demo 3 BHK apartment in Anna Nagar with three bathrooms, spacious living room and reserved parking.",BRK003,images/demo/PROP006,13.0854,80.2103
PROP007,Independent House,1,52.0,720,Tambaram, Station Link Road,Chennai,600045,1,10, Tambaram Homes,"Synthetic demo 1 BHK independent house in Tambaram for a compact budget, with one bathroom and an accessible frontage.",BRK004,images/demo/PROP007,12.9255,80.1004
PROP008,Apartment,2,98.0,1120,Perungudi,Tech Corridor,Chennai,600096,2,1, Axis Living,"Synthetic demo 2 BHK apartment in Perungudi near the IT corridor, with two bathrooms and new construction.",BRK003,images/demo/PROP008,12.96,80.2456
PROP009,Villa,4,240.0,2600,Sholinganallur, OMR Garden Road,Chennai,600119,4,2, OMR Residences,"Synthetic demo 4 BHK villa in Sholinganallur with four bathrooms, terrace space and access toward the OMR employment corridor.",BRK003,images/demo/PROP009,12.9012,80.2287
PROP010,Apartment,3,110.0,1380,Medavakkam, Greenway Avenue,Chennai,600100,3,3, Greenway Builders,"Synthetic demo 3 BHK apartment in Medavakkam with three bathrooms, family-oriented amenities and two-wheeler parking.",BRK002,images/demo/PROP010,12.9176,80.192
