school_id,school_name,area,street,address,city,pincode,school_type,description,latitude,longitude
SCH001,CA School Velachery,Velachery, Velachery Main Road,"Synthetic demo school address, Velachery",Chennai,600042,Demo School Type,Synthetic demo record: local school reference serving Velachery. Verify current availability and services independently.,12.9796,80.2183
SCH002,Chennai Public School Taramani,Taramani, Taramani Main Road,"Synthetic demo school address, Taramani",Chennai,600113,Demo School Type,Synthetic demo record: local school reference serving Taramani. Verify current availability and services independently.,12.9924,80.2431
SCH003,REE School Adambakkam,Adambakkam, Adambakkam Main Road,"Synthetic demo school address, Adambakkam",Chennai,600088,Demo School Type,Synthetic demo record: local school reference serving Adambakkam. Verify current availability and services independently.,12.9839,80.2027
SCH004,Dhanu School Pallikaranai,Pallikaranai, Pallikaranai Main Road,"Synthetic demo school address, Pallikaranai",Chennai,600100,Demo School Type,Synthetic demo record: local school reference serving Pallikaranai. Verify current availability and services independently.,12.9377,80.2133
SCH005,Bharathy Private School Madipakkam,Madipakkam, Madipakkam Main Road,"Synthetic demo school address, Madipakkam",Chennai,600091,Demo School Type,Synthetic demo record: local school reference serving Madipakkam. Verify current availability and services independently.,12.9628,80.1986
SCH006,Jan School Anna Nagar,Anna Nagar, Anna Nagar Main Road,"Synthetic demo school address, Anna Nagar",Chennai,600040,Demo School Type,Synthetic demo record: local school reference serving Anna Nagar. Verify current availability and services independently.,13.0858,80.2104
SCH007,CM public School Tambaram,Tambaram, Tambaram Main Road,"Synthetic demo school address, Tambaram",Chennai,600045,Demo School Type,Synthetic demo record: local school reference serving Tambaram. Verify current availability and services independently.,12.9261,80.1006
SCH008,Sri School Perungudi,Perungudi, Perungudi Main Road,"Synthetic demo school address, Perungudi",Chennai,600096,Demo School Type,Synthetic demo record: local school reference serving Perungudi. Verify current availability and services independently.,12.96,80.2459
SCH009,Activity School Sholinganallur,Sholinganallur, Sholinganallur Main Road,"Synthetic demo school address, Sholinganallur",Chennai,600119,Demo School Type,Synthetic demo record: local school reference serving Sholinganallur. Verify current availability and services independently.,12.9014,80.2291
SCH010,Super School Medavakkam,Medavakkam, Medavakkam Main Road,"Synthetic demo school address, Medavakkam",Chennai,600100,Demo School Type,Synthetic demo record: local school reference serving Medavakkam. Verify current availability and services independently.,12.918,80.192
