supermarket_id,supermarket_name,area,street,address,city,pincode,description,latitude,longitude
SUP001,SV Market Velachery,Velachery, Velachery Main Road,"Synthetic demo supermarket address, Velachery",Chennai,600042,Synthetic demo supermarket reference serving Velachery. Verify current hours and stock independently.,12.9799,80.2186
SUP002,JAI Market Taramani,Taramani, Taramani Main Road,"Synthetic demo supermarket address, Taramani",Chennai,600113,Synthetic demo supermarket reference serving Taramani. Verify current hours and stock independently.,12.993,80.2437
SUP003,RAJ Super Market Adambakkam,Adambakkam, Adambakkam Main Road,"Synthetic demo supermarket address, Adambakkam",Chennai,600088,Synthetic demo supermarket reference serving Adambakkam. Verify current hours and stock independently.,12.9848,80.2036
SUP004,VR Super Market Pallikaranai,Pallikaranai, Pallikaranai Main Road,"Synthetic demo supermarket address, Pallikaranai",Chennai,600100,Synthetic demo supermarket reference serving Pallikaranai. Verify current hours and stock independently.,12.9377,80.2145
SUP005,Sai Market Madipakkam,Madipakkam, Madipakkam Main Road,"Synthetic demo supermarket address, Madipakkam",Chennai,600091,Synthetic demo supermarket reference serving Madipakkam. Verify current hours and stock independently.,12.9631,80.1986
SUP006,Luxury Market Anna Nagar,Anna Nagar, Anna Nagar Main Road,"Synthetic demo supermarket address, Anna Nagar",Chennai,600040,Synthetic demo supermarket reference serving Anna Nagar. Verify current hours and stock independently.,13.0864,80.2107
SUP007,Tambaram Super Market Tambaram,Tambaram, Tambaram Main Road,"Synthetic demo supermarket address, Tambaram",Chennai,600045,Synthetic demo supermarket reference serving Tambaram. Verify current hours and stock independently.,12.927,80.1012
SUP008,Siva Market Perungudi,Perungudi, Perungudi Main Road,"Synthetic demo supermarket address, Perungudi",Chennai,600096,Synthetic demo supermarket reference serving Perungudi. Verify current hours and stock independently.,12.96,80.2468
SUP009,SRV Market Sholinganallur,Sholinganallur, Sholinganallur Main Road,"Synthetic demo supermarket address, Sholinganallur",Chennai,600119,Synthetic demo supermarket reference serving Sholinganallur. Verify current hours and stock independently.,12.9017,80.2303
SUP010,SSS Market Medavakkam,Medavakkam, Medavakkam Main Road,"Synthetic demo supermarket address, Medavakkam",Chennai,600100,Synthetic demo supermarket reference serving Medavakkam. Verify current hours and stock independently.,12.9186,80.192
