transport_id,transport_name,transport_type,area,street,address,city,pincode,description,latitude,longitude
TRN001,Bus Point Velachery,Bus Stop,Velachery,Demo Velachery Main Road,"Synthetic demo transport address, Velachery",Chennai,600042,Synthetic demo bus stop reference for Velachery. Verify routes and operating status independently.,12.98,80.2187
TRN002,Railway station Point Taramani,Railway Station,Taramani,Demo Taramani Main Road,"Synthetic demo transport address, Taramani",Chennai,600113,Synthetic demo railway station reference for Taramani. Verify routes and operating status independently.,12.9932,80.2439
TRN003,Metro Transit Point Adambakkam,Metro Station,Adambakkam,Demo Adambakkam Main Road,"Synthetic demo transport address, Adambakkam",Chennai,600088,Synthetic demo metro station reference for Adambakkam. Verify routes and operating status independently.,12.9851,80.2039
TRN004, Auto Point Pallikaranai,Auto Stand,Pallikaranai,Demo Pallikaranai Main Road,"Synthetic demo transport address, Pallikaranai",Chennai,600100,Synthetic demo auto stand reference for Pallikaranai. Verify routes and operating status independently.,12.9377,80.2149
TRN005, Bus Point Madipakkam,Bus Stop,Madipakkam,Demo Madipakkam Main Road,"Synthetic demo transport address, Madipakkam",Chennai,600091,Synthetic demo bus stop reference for Madipakkam. Verify routes and operating status independently.,12.9632,80.1986
TRN006,Railway Station Point Anna Nagar,Railway Station,Anna Nagar,Demo Anna Nagar Main Road,"Synthetic demo transport address, Anna Nagar",Chennai,600040,Synthetic demo railway station reference for Anna Nagar. Verify routes and operating status independently.,13.0866,80.2108
TRN007,Metro Transit Point Tambaram,Metro Station,Tambaram,Demo Tambaram Main Road,"Synthetic demo transport address, Tambaram",Chennai,600045,Synthetic demo metro station reference for Tambaram. Verify routes and operating status independently.,12.9273,80.1014
TRN008,Auto Transit Point Perungudi,Auto Stand,Perungudi,Demo Perungudi Main Road,"Synthetic demo transport address, Perungudi",Chennai,600096,Synthetic demo auto stand reference for Perungudi. Verify routes and operating status independently.,12.96,80.2471
TRN009,Bus Point Sholinganallur,Bus Stop,Sholinganallur,Demo Sholinganallur Main Road,"Synthetic demo transport address, Sholinganallur",Chennai,600119,Synthetic demo bus stop reference for Sholinganallur. Verify routes and operating status independently.,12.9018,80.2307
TRN010,Railway Station Point Medavakkam,Railway Station,Medavakkam,Demo Medavakkam Main Road,"Synthetic demo transport address, Medavakkam",Chennai,600100,Synthetic demo railway station reference for Medavakkam. Verify routes and operating status independently.,12.9188,80.192
